insert into book(id, title, publicDate,author,page, coverImage) values(1, 'Isabella Weber II', '17/02/1972','GG', '15', 'http://lorempixel.com/100/100/nightlife/');
insert into book(id, title, publicDate,author,page, coverImage) values(2, 'River Beahan', '17/02/1972','GG', '15', 'http://lorempixel.com/100/100/people/');
insert into book(id, title, publicDate,author,page, coverImage) values(3, 'Bernadette Koelpin', '17/02/1972','GG', '15', 'http://lorempixel.com/100/100/city/');
insert into book(id, title, publicDate,author,page, coverImage) values(4, 'Donnie Aufderhar MD', '17/02/1972','GG', '15', 'http://lorempixel.com/100/100/nightlife/');
insert into book(id, title, publicDate,author,page, coverImage) values(5, 'Mr. Sarina Abernathy', '17/02/1972','GG', '15', 'http://lorempixel.com/100/100/cats/');
insert into book(id, title, publicDate,author,page, coverImage) values(6, 'Carli Collier', '17/02/1972','GG', '15', 'http://lorempixel.com/100/100/city/');
insert into book(id, title, publicDate,author,page, coverImage) values(7, 'Eduardo Homenick', '17/02/1972','GG', '15', 'http://lorempixel.com/100/100/cats/');
insert into book(id, title, publicDate,author,page, coverImage) values(8, 'Rachael Kris', '17/02/1972','GG', '15', 'http://lorempixel.com/100/100/animals/');
insert into book(id, title, publicDate,author,page, coverImage) values(9, 'Mr. Cleo Rogahn', '17/02/1972','GG', '15', 'http://lorempixel.com/100/100/technics/');
insert into book(id, title, publicDate,author,page, coverImage) values(10, 'Sam Konopelski', '17/02/1972','GG', '15', 'http://lorempixel.com/100/100/cats/');
insert into book(id, title, publicDate,author,page, coverImage) values(11, 'Lillie Bartoletti', '17/02/1972','GG', '15', 'http://lorempixel.com/100/100/fashion/');
insert into book(id, title, publicDate,author,page, coverImage) values(12, 'Frances Kub', '17/02/1972','GG', '15', 'http://lorempixel.com/100/100/animals/');
insert into book(id, title, publicDate,author,page, coverImage) values(13, 'Hollis Glover', '17/02/1972','GG', '15', 'http://lorempixel.com/100/100/city/');
insert into book(id, title, publicDate,author,page, coverImage) values(14, 'Cheyenne Emmerich', '17/02/1972','GG', '15', 'http://lorempixel.com/100/100/nightlife/');
insert into book(id, title, publicDate,author,page, coverImage) values(15, 'Maymie Ledner III', '17/02/1972','GG', '15', 'http://lorempixel.com/100/100/business/');
insert into book(id, title, publicDate,author,page, coverImage) values(16, 'Kimberly Barton', '17/02/1972','GG', '15', 'http://lorempixel.com/100/100/city/');
insert into book(id, title, publicDate,author,page, coverImage) values(17, 'Bernard Morissette', '17/02/1972','GG', '15', 'http://lorempixel.com/100/100/animals/');
insert into book(id, title, publicDate,author,page, coverImage) values(18, 'Nathan Dibbert MD', '17/02/1972','GG', '15', 'http://lorempixel.com/100/100/technics/');
insert into book(id, title, publicDate,author,page, coverImage) values(19, 'Ms. Simone Johnson', '17/02/1972','GG', '15', 'http://lorempixel.com/100/100/cats/');
insert into book(id, title, publicDate,author,page, coverImage) values(20, 'Haylee Kemmer','17/02/1972','GG', '15', 'http://lorempixel.com/100/100/animals/');
insert into publisher(id, name, gender) values(1,'Ronal Do','Male');
insert into publisher(id, name, gender) values(2,'Missi','Male');
insert into publisher(id, name, gender) values(3,'Angle','Female');
insert into bookpublic(book_id, publisher_id) values(1,1);
insert into bookpublic(book_id, publisher_id) values(1,2);
insert into bookpublic(book_id, publisher_id) values(2,3);
insert into bookpublic(book_id, publisher_id) values(2,1);
insert into bookpublic(book_id, publisher_id) values(3,1);
insert into bookpublic(book_id, publisher_id) values(3,3);
insert into bookpublic(book_id, publisher_id) values(4,1);
insert into bookpublic(book_id, publisher_id) values(5,3);
insert into bookpublic(book_id, publisher_id) values(6,1);
insert into bookpublic(book_id, publisher_id) values(7,3);
insert into bookpublic(book_id, publisher_id) values(8,1);
insert into bookpublic(book_id, publisher_id) values(9,3);
insert into bookpublic(book_id, publisher_id) values(10,1);
insert into bookpublic(book_id, publisher_id) values(10,3);
insert into bookpublic(book_id, publisher_id) values(11,1);
insert into bookpublic(book_id, publisher_id) values(12,3);
insert into bookpublic(book_id, publisher_id) values(13,1);
insert into bookpublic(book_id, publisher_id) values(14,3);
insert into bookpublic(book_id, publisher_id) values(15,1);
insert into bookpublic(book_id, publisher_id) values(16,3);
insert into bookpublic(book_id, publisher_id) values(17,1);
insert into bookpublic(book_id, publisher_id) values(18,3);
insert into bookpublic(book_id, publisher_id) values(18,1);
insert into bookpublic(book_id, publisher_id) values(19,3);
insert into bookpublic(book_id, publisher_id) values(20,1);
insert into bookpublic(book_id, publisher_id) values(20,3);
insert into bookpublic(book_id, publisher_id) values(14,1);
insert into bookpublic(book_id, publisher_id) values(12,1);